<?xml version="1.0" encoding="utf-8" ?><dwsync><file name="home.js" server="ftp.derekstearns.com/newappcreator/app/" local="3485522475" remote="12086410052" /><file name="index.js" server="ftp.derekstearns.com/newappcreator/app/" local="3485522475" remote="12086410052" /><file name="indexhome.js" server="ftp.derekstearns.com/newappcreator/app/" local="3485522475" remote="12086410052" /><file name="kids.js" server="ftp.derekstearns.com/newappcreator/app/" local="3485522475" remote="12086410052" /><file name="kidsAdd.js" server="ftp.derekstearns.com/newappcreator/app/" local="3485522475" remote="12086410052" /><file name="kidschooser.js" server="ftp.derekstearns.com/newappcreator/app/" local="3485522475" remote="12086410052" /><file name="kidsdetail.js" server="ftp.derekstearns.com/newappcreator/app/" local="3485522475" remote="12086410052" /><file name="letters.js" server="ftp.derekstearns.com/newappcreator/app/" local="3485522475" remote="12086410052" /><file name="lettersAdd.js" server="ftp.derekstearns.com/newappcreator/app/" local="3485522475" remote="12086410052" /><file name="letterschooser.js" server="ftp.derekstearns.com/newappcreator/app/" local="3485522475" remote="12086410052" /><file name="lettersdetail.js" server="ftp.derekstearns.com/newappcreator/app/" local="3485522475" remote="12086410052" /><file name="login.js" server="ftp.derekstearns.com/newappcreator/app/" local="3485522475" remote="12086410052" /><file name="login_form.js" server="ftp.derekstearns.com/newappcreator/app/" local="3485522475" remote="12086410052" /><file name="register.js" server="ftp.derekstearns.com/newappcreator/app/" local="3485522475" remote="12086410052" /></dwsync>