<?xml version="1.0" encoding="utf-8" ?><dwsync><file name="appicon-72.png" server="ftp.derekstearns.com/newappcreator/app/" local="3485522475" remote="12086409812" /><file name="appicon-72@2x.png" server="ftp.derekstearns.com/newappcreator/app/" local="3485522475" remote="12086409812" /><file name="appicon.png" server="ftp.derekstearns.com/newappcreator/app/" local="3485522475" remote="12086409812" /><file name="appicon@2x.png" server="ftp.derekstearns.com/newappcreator/app/" local="3485522475" remote="12086409812" /><file name="Default-568h@2x.png" server="ftp.derekstearns.com/newappcreator/app/" local="3485522475" remote="12086409812" /><file name="Default-Landscape.png" server="ftp.derekstearns.com/newappcreator/app/" local="3485522475" remote="12086409812" /><file name="Default-Landscape@2x.png" server="ftp.derekstearns.com/newappcreator/app/" local="3485522475" remote="12086409812" /><file name="Default-Portrait.png" server="ftp.derekstearns.com/newappcreator/app/" local="3485522475" remote="12086409812" /><file name="Default-Portrait@2x.png" server="ftp.derekstearns.com/newappcreator/app/" local="3485522475" remote="12086409812" /><file name="Default.png" server="ftp.derekstearns.com/newappcreator/app/" local="3485522475" remote="12086409812" /><file name="Default@2x.png" server="ftp.derekstearns.com/newappcreator/app/" local="3485522475" remote="12086409812" /><file name="Icon-Small-50.png" server="ftp.derekstearns.com/newappcreator/app/" local="3485522475" remote="12086409812" /><file name="Icon-Small.png" server="ftp.derekstearns.com/newappcreator/app/" local="3485522475" remote="12086409812" /><file name="Icon-Small@2x.png" server="ftp.derekstearns.com/newappcreator/app/" local="3485522475" remote="12086409812" /><file name="iTunesArtwork" server="ftp.derekstearns.com/newappcreator/app/" local="3485522475" remote="12086409812" /></dwsync>