<?xml version="1.0" encoding="UTF-8"?>
<ti:app xmlns:ti="http://ti.appcelerator.org">
    <id>me.jwebster.alloynavdemo</id>
    <name>Alloy Android iPhone Navigation Demo</name>
    <version>1.0</version>
    <publisher>Joe</publisher>
    <url>http://</url>
    <description>not specified</description>
    <copyright>2013 by Joe</copyright>
    <icon>appicon.png</icon>
    <persistent-wifi>false</persistent-wifi>
    <prerendered-icon>false</prerendered-icon>
    <statusbar-style>default</statusbar-style>
    <statusbar-hidden>false</statusbar-hidden>
    <fullscreen>false</fullscreen>
    <navbar-hidden>false</navbar-hidden>
    <analytics>true</analytics>
    <guid>79644854-5078-4af6-9850-8b855ed495e8</guid>
    <property name="ti.ui.defaultunit" type="string">dp</property>
    <iphone>
        <orientations device="iphone">
            <orientation>Ti.UI.PORTRAIT</orientation>
        </orientations>
        <orientations device="ipad">
            <orientation>Ti.UI.PORTRAIT</orientation>
            <orientation>Ti.UI.UPSIDE_PORTRAIT</orientation>
            <orientation>Ti.UI.LANDSCAPE_LEFT</orientation>
            <orientation>Ti.UI.LANDSCAPE_RIGHT</orientation>
        </orientations>
    </iphone>
    <android xmlns:android="http://schemas.android.com/apk/res/android">
        <tool-api-level>19</tool-api-level>
        <manifest>
            <uses-sdk android:maxSdkVersion="19"
                android:minSdkVersion="8" android:targetSdkVersion="19"/>
            <application android:theme="@android:style/Theme.Holo.Light.DarkActionBar"/>
        </manifest>
    </android>
    <mobileweb>
        <precache/>
        <splash>
            <enabled>true</enabled>
            <inline-css-images>true</inline-css-images>
        </splash>
        <theme>default</theme>
    </mobileweb>
    <modules>
    	 <module version="1.3.1" platform="android">com.mirasense.scanditsdk</module> 
 		 <module version="1.3.1" platform="iphone">com.mirasense.scanditsdk</module>
    </modules>
    	
    <deployment-targets>
        <target device="iphone">true</target>
        <target device="ipad">true</target>
        <target device="blackberry">false</target>
        <target device="android">true</target>
        <target device="mobileweb">true</target>
        <target device="tizen">false</target>
    </deployment-targets>
    <sdk-version>3.1.3.GA</sdk-version>
    <plugins>
        <plugin version="1.0">ti.alloy</plugin>
    </plugins>
</ti:app>
