<?xml version="1.0" encoding="utf-8" ?><dwsync><file name="beep.wav" server="ftp.derekstearns.com/newappcreator/app/" local="3485522475" remote="12086409992" /><file name="camera-swap-icon-pressed.png" server="ftp.derekstearns.com/newappcreator/app/" local="3485522475" remote="12086409992" /><file name="camera-swap-icon-pressed@2x.png" server="ftp.derekstearns.com/newappcreator/app/" local="3485522475" remote="12086409992" /><file name="camera-swap-icon.png" server="ftp.derekstearns.com/newappcreator/app/" local="3485522475" remote="12086409992" /><file name="camera-swap-icon@2x.png" server="ftp.derekstearns.com/newappcreator/app/" local="3485522475" remote="12086409992" /><file name="empty.cpp" server="ftp.derekstearns.com/newappcreator/app/" local="3485522475" remote="12086409992" /><file name="flashlight-turn-off-icon-pressed.png" server="ftp.derekstearns.com/newappcreator/app/" local="3485522475" remote="12086409992" /><file name="flashlight-turn-off-icon-pressed@2x.png" server="ftp.derekstearns.com/newappcreator/app/" local="3485522475" remote="12086409992" /><file name="flashlight-turn-off-icon.png" server="ftp.derekstearns.com/newappcreator/app/" local="3485522475" remote="12086409992" /><file name="flashlight-turn-off-icon@2x.png" server="ftp.derekstearns.com/newappcreator/app/" local="3485522475" remote="12086409992" /><file name="flashlight-turn-on-icon-pressed.png" server="ftp.derekstearns.com/newappcreator/app/" local="3485522475" remote="12086409992" /><file name="flashlight-turn-on-icon-pressed@2x.png" server="ftp.derekstearns.com/newappcreator/app/" local="3485522475" remote="12086409992" /><file name="flashlight-turn-on-icon.png" server="ftp.derekstearns.com/newappcreator/app/" local="3485522475" remote="12086409992" /><file name="flashlight-turn-on-icon@2x.png" server="ftp.derekstearns.com/newappcreator/app/" local="3485522475" remote="12086409992" /><file name="LICENSE-2.0.txt" server="ftp.derekstearns.com/newappcreator/app/" local="3485522475" remote="12086409992" /><file name="poweredby.png" server="ftp.derekstearns.com/newappcreator/app/" local="3485522475" remote="12086409992" /><file name="poweredby@2x.png" server="ftp.derekstearns.com/newappcreator/app/" local="3485522475" remote="12086409992" /></dwsync>